{"loss": [3.526854991912842], "sigmoid_loss": [0.0008447213331237435], "sigmoid_binary_accuracy": [0.996040940284729], "sigmoid_ROC_AUC": [0.9178106784820557], "sigmoid_PR_AUC": [0.009544633328914642], "val_loss": [2.8360562324523926], "val_sigmoid_loss": [0.0006830169586464763], "val_sigmoid_binary_accuracy": [0.9987534284591675], "val_sigmoid_ROC_AUC": [0.9656211733818054], "val_sigmoid_PR_AUC": [0.025391656905412674]}