{"loss": [5.237771511077881, 4.06707239151001, 3.8661203384399414, 3.7330031394958496, 3.5758635997772217, 3.456024408340454, 3.3287665843963623, 3.2284393310546875, 3.1219329833984375, 3.015535593032837, 2.9076366424560547, 2.7861742973327637, 2.672644853591919, 2.5806643962860107, 2.474663257598877, 2.3678665161132812, 2.2808949947357178, 2.1815543174743652, 2.0770394802093506, 1.968955636024475, 1.8976789712905884, 1.8300631046295166, 1.7468472719192505, 1.6909846067428589, 1.6046465635299683, 1.546789526939392, 1.4974243640899658], "binary_accuracy": [0.9985431432723999, 0.9987174868583679, 0.9987154603004456, 0.9987165927886963, 0.9987154603004456, 0.998717188835144, 0.998716413974762, 0.9987183213233948, 0.9987179636955261, 0.9987170696258545, 0.9987179636955261, 0.9987174272537231, 0.9987162947654724, 0.9987169504165649, 0.9987164735794067, 0.9987167119979858, 0.9987155795097351, 0.998715341091156, 0.9987170696258545, 0.9987159371376038, 0.9987162947654724, 0.998715341091156, 0.9987169504165649, 0.998717188835144, 0.9987161755561829, 0.9987170696258545, 0.9987173080444336], "ROC_AUC": [0.7892138361930847, 0.8658166527748108, 0.8807085156440735, 0.8907392621040344, 0.9021207690238953, 0.910489022731781, 0.9189183115959167, 0.9251914024353027, 0.9313415884971619, 0.937289834022522, 0.9428074359893799, 0.9485924243927002, 0.953650951385498, 0.9574185013771057, 0.9615023136138916, 0.9653253555297852, 0.9682115912437439, 0.9712936878204346, 0.974318265914917, 0.9772429466247559, 0.978975236415863, 0.9806594848632812, 0.9824432730674744, 0.9836723208427429, 0.9853948354721069, 0.9864891767501831, 0.9873758554458618], "PR_AUC": [0.003441274631768465, 0.007762704975903034, 0.00908146146684885, 0.010123438201844692, 0.011982991360127926, 0.0137415686622262, 0.0155295729637146, 0.016629664227366447, 0.018830256536602974, 0.02032412588596344, 0.02191113494336605, 0.024403896182775497, 0.02704186737537384, 0.028950786218047142, 0.03195130079984665, 0.035653840750455856, 0.03750584274530411, 0.04226616770029068, 0.04584324359893799, 0.051676928997039795, 0.05527309328317642, 0.06005673110485077, 0.06518306583166122, 0.07137083262205124, 0.07750236243009567, 0.0832773894071579, 0.08996354788541794], "val_loss": [31.23311424255371, 28.45233154296875, 34.25251007080078, 14.966395378112793, 17.40463638305664, 4.452919006347656, 5.362293720245361, 4.433024883270264, 3.569186210632324, 3.8277182579040527, 3.7144196033477783, 3.7004482746124268, 4.214322090148926, 3.9503164291381836, 4.031805992126465, 5.144484996795654, 3.8530094623565674, 3.9187827110290527, 4.3921284675598145, 4.28633975982666, 4.470179557800293, 4.327632904052734, 5.370332717895508, 4.825144290924072, 5.444033622741699, 6.500943183898926, 7.02170991897583], "val_binary_accuracy": [0.9927535653114319, 0.9940366744995117, 0.9951966404914856, 0.9976309537887573, 0.9978720545768738, 0.9986792802810669, 0.998711347579956, 0.9987214207649231, 0.9987415075302124, 0.9987325668334961, 0.9987390041351318, 0.9987363219261169, 0.9987363815307617, 0.9987367391586304, 0.9987330436706543, 0.9987455606460571, 0.9987395405769348, 0.9987519979476929, 0.9987359642982483, 0.9987411499023438, 0.998752772808075, 0.9987525343894958, 0.9987430572509766, 0.9987432956695557, 0.9987439513206482, 0.9987416863441467, 0.9987494945526123], "val_ROC_AUC": [0.46162712574005127, 0.5142780542373657, 0.4834979176521301, 0.6594550013542175, 0.5857051014900208, 0.8186095356941223, 0.8260234594345093, 0.866862952709198, 0.9029765129089355, 0.8976089358329773, 0.9025810360908508, 0.9139763116836548, 0.8966929316520691, 0.906242847442627, 0.913246750831604, 0.7013993263244629, 0.9127963185310364, 0.903188943862915, 0.9013513922691345, 0.9063287377357483, 0.9076672792434692, 0.9170053601264954, 0.9139755368232727, 0.907291054725647, 0.9096552729606628, 0.8668513298034668, 0.8503782153129578], "val_PR_AUC": [0.0018971986137330532, 0.0021167900413274765, 0.0020425505936145782, 0.0035244922619313, 0.0028419781010597944, 0.00557474372908473, 0.008603575639426708, 0.009144211187958717, 0.012049844488501549, 0.011028959415853024, 0.011849433183670044, 0.016421712934970856, 0.014806409366428852, 0.014720316976308823, 0.016616012901067734, 0.0037312668282538652, 0.01668410561978817, 0.014573446474969387, 0.016160640865564346, 0.018340112641453743, 0.017435340210795403, 0.01945584826171398, 0.019008694216609, 0.01651305891573429, 0.018257005140185356, 0.01026465930044651, 0.013112115673720837]}