{"loss": [5.238260269165039, 4.068849563598633], "binary_accuracy": [0.9985293745994568, 0.9987155795097351], "precision": [0.0013380154268816113, 0.0], "recall": [0.017355462536215782, 0.0], "ROC_AUC": [0.7910496592521667, 0.8649089932441711], "PR_AUC": [0.003456737380474806, 0.007564239203929901], "val_loss": [16.603500366210938, 27.707984924316406], "val_binary_accuracy": [0.9957442879676819, 0.9949043393135071], "val_precision": [0.007065202575176954, 0.0053489054553210735], "val_recall": [0.046722203493118286, 0.029608838260173798], "val_ROC_AUC": [0.5894424915313721, 0.5065380930900574], "val_PR_AUC": [0.0026205102913081646, 0.0023091414477676153]}