{"loss": [5.673546314239502, 3.9289345741271973, 3.6432783603668213, 3.437100410461426, 3.277158498764038, 3.1500887870788574, 3.023862361907959, 2.931915283203125, 2.819993019104004, 2.712616205215454, 2.6226425170898438, 2.536912679672241, 2.475393772125244, 2.415074110031128, 2.3537960052490234, 2.292909860610962, 2.2347772121429443, 2.163612127304077, 2.1045899391174316, 2.03365159034729, 1.9796357154846191], "binary_accuracy": [0.9987158179283142, 0.998717188835144, 0.9987170696258545, 0.9987182021141052, 0.9987158179283142, 0.9987176060676575, 0.9987162947654724, 0.9987161755561829, 0.9987170696258545, 0.9987165927886963, 0.9987156987190247, 0.9987164735794067, 0.998717188835144, 0.9987179636955261, 0.9987174272537231, 0.9987170696258545, 0.9987182021141052, 0.998717188835144, 0.998716413974762, 0.998717725276947, 0.998717188835144], "ROC_AUC": [0.7648990154266357, 0.8751602172851562, 0.8972830176353455, 0.9120234847068787, 0.922335147857666, 0.9299814105033875, 0.9368711113929749, 0.9416378736495972, 0.9471070170402527, 0.951941728591919, 0.9557386040687561, 0.9591766595840454, 0.9615691900253296, 0.9637286067008972, 0.9659005999565125, 0.9679920673370361, 0.9698636531829834, 0.9720879793167114, 0.973842978477478, 0.975878119468689, 0.9773239493370056], "PR_AUC": [0.0029341853223741055, 0.008984685875475407, 0.011638610623776913, 0.014223656617105007, 0.016103271394968033, 0.017315054312348366, 0.019822288304567337, 0.0220748670399189, 0.025003354996442795, 0.0283115953207016, 0.03136574476957321, 0.03480757400393486, 0.0369056761264801, 0.040610525757074356, 0.04314066097140312, 0.04635240137577057, 0.04998962953686714, 0.05460624396800995, 0.05832933634519577, 0.06191779300570488, 0.06723987311124802], "val_loss": [5.290501117706299, 5.348674774169922, 4.305215358734131, 4.301752090454102, 4.145833492279053, 4.084452152252197, 4.522851467132568, 5.776095390319824, 4.119514465332031, 4.121095180511475, 4.093108654022217, 4.746378421783447, 3.083428144454956, 3.787158966064453, 6.217038154602051, 2.7479300498962402, 3.8559815883636475, 4.938783645629883, 2.9196908473968506, 2.910398244857788, 2.869276762008667], "val_binary_accuracy": [0.9987534284591675, 0.9987534284591675, 0.998752772808075, 0.998752236366272, 0.9987534284591675, 0.9987534284591675, 0.9987534284591675, 0.9987534284591675, 0.9987534284591675, 0.9987534284591675, 0.9987534284591675, 0.9987534284591675, 0.9987534284591675, 0.9987502694129944, 0.9987534284591675, 0.9987534284591675, 0.9987534284591675, 0.9987534284591675, 0.9987534284591675, 0.9987502694129944, 0.9987534284591675], "val_ROC_AUC": [0.7690194249153137, 0.7033846378326416, 0.8278993368148804, 0.8423911929130554, 0.8409626483917236, 0.8546503782272339, 0.8382102847099304, 0.6865376830101013, 0.8499875068664551, 0.8477854132652283, 0.8922946453094482, 0.8727005124092102, 0.928229570388794, 0.8916791081428528, 0.8480989336967468, 0.9507120847702026, 0.9260257482528687, 0.895964503288269, 0.9394592046737671, 0.9394770860671997, 0.9464007616043091], "val_PR_AUC": [0.0031909632962197065, 0.002669061068445444, 0.004830712452530861, 0.00613704789429903, 0.00705716572701931, 0.00749909458681941, 0.008192809298634529, 0.0024482556618750095, 0.00863380916416645, 0.008227745071053505, 0.014404417015612125, 0.014319546520709991, 0.02272278070449829, 0.017697809264063835, 0.011842146515846252, 0.032397862523794174, 0.023150142282247543, 0.019585546106100082, 0.026543188840150833, 0.0262779351323843, 0.029735304415225983]}