{"loss": [17.03521728515625, 7.605545520782471, 6.605375289916992, 5.991938591003418, 5.645966053009033, 5.483760833740234, 5.394991397857666, 5.320096015930176, 5.2745819091796875, 5.241168975830078, 5.210812568664551, 5.171526908874512, 5.13183069229126, 5.115968227386475, 5.0961408615112305, 5.087407112121582, 5.067243576049805, 5.067375659942627, 5.049478530883789, 5.052380084991455, 5.0396409034729, 5.045461654663086, 5.038113117218018, 5.034602165222168, 5.034066677093506], "sigmoid_loss": [0.004119813907891512, 0.0018275907495990396, 0.0015884785680100322, 0.001442398177459836, 0.0013605515705421567, 0.0013224148424342275, 0.0013013570569455624, 0.001283134683035314, 0.0012719599762931466, 0.0012637325562536716, 0.0012562712654471397, 0.0012466483749449253, 0.0012369216419756413, 0.0012330461759120226, 0.0012282062089070678, 0.001226078369654715, 0.0012211609864607453, 0.0012211931170895696, 0.0012168281245976686, 0.001217535580508411, 0.0012144191423431039, 0.0012158368481323123, 0.0012140347389504313, 0.0012131694238632917, 0.0012130249524489045], "sigmoid_binary_accuracy": [0.9968414902687073, 0.9987084865570068, 0.9987211227416992, 0.9987252950668335, 0.9987303614616394, 0.9987277984619141, 0.9987266659736633, 0.9987282156944275, 0.9987305998802185, 0.9987284541130066, 0.9987280368804932, 0.9987289309501648, 0.998733639717102, 0.9987317323684692, 0.998733401298523, 0.9987298250198364, 0.9987325072288513, 0.9987314939498901, 0.9987346529960632, 0.9987345337867737, 0.9987363815307617, 0.998735249042511, 0.9987359046936035, 0.9987347722053528, 0.9987351298332214], "sigmoid_ROC_AUC": [0.8795005083084106, 0.9465662240982056, 0.9604252576828003, 0.9675761461257935, 0.9727092981338501, 0.9752982258796692, 0.9767465591430664, 0.9783927202224731, 0.978947639465332, 0.9793311357498169, 0.9798491597175598, 0.9805411696434021, 0.9810842871665955, 0.9813868403434753, 0.9814755916595459, 0.9818272590637207, 0.9819698333740234, 0.9818644523620605, 0.9821991324424744, 0.9822601079940796, 0.9823064208030701, 0.9822739958763123, 0.982260525226593, 0.9824689626693726, 0.9823399186134338], "sigmoid_PR_AUC": [0.010007189586758614, 0.055036116391420364, 0.10723171383142471, 0.14781761169433594, 0.16880683600902557, 0.1762077957391739, 0.18164412677288055, 0.18708539009094238, 0.19036784768104553, 0.19359032809734344, 0.19524666666984558, 0.1974601149559021, 0.20394334197044373, 0.204502671957016, 0.20660898089408875, 0.20761197805404663, 0.20828063786029816, 0.2099020630121231, 0.21053127944469452, 0.21117937564849854, 0.21218125522136688, 0.21294721961021423, 0.21353426575660706, 0.2127745896577835, 0.21260957419872284], "val_loss": [5.523416042327881, 5.2130818367004395, 5.2302141189575195, 5.025876522064209, 5.016627311706543, 4.839705467224121, 4.859760761260986, 4.758265018463135, 4.754717826843262, 4.898156642913818, 4.753900527954102, 4.8526930809021, 4.781821250915527, 4.763444900512695, 4.768896579742432, 4.777270317077637, 4.741569995880127, 4.735233306884766, 4.757292747497559, 4.697717189788818, 4.690756797790527, 4.7479071617126465, 4.7974371910095215, 4.762928485870361, 4.749770164489746], "val_sigmoid_loss": [0.0013163306284695864, 0.0012464072788134217, 0.001254701055586338, 0.0012080889428034425, 0.0012078689178451896, 0.001165592111647129, 0.0011707977391779423, 0.0011459336383268237, 0.0011450020829215646, 0.0011799574131146073, 0.0011446996359154582, 0.001168792019598186, 0.0011514682555571198, 0.0011469803284853697, 0.0011483138659968972, 0.0011503691785037518, 0.0011416540946811438, 0.0011401079827919602, 0.0011454926570877433, 0.001130943652242422, 0.0011292402632534504, 0.001143191009759903, 0.0011552723590284586, 0.0011468358570709825, 0.0011436152271926403], "val_sigmoid_binary_accuracy": [0.9987534284591675, 0.9987534284591675, 0.9987534284591675, 0.9987542629241943, 0.9987568259239197, 0.9987549185752869, 0.9987562894821167, 0.9987569451332092, 0.9987539052963257, 0.9987542629241943, 0.9987552762031555, 0.998755156993866, 0.9987549185752869, 0.9987552762031555, 0.998755931854248, 0.9987543225288391, 0.9987537860870361, 0.9987546801567078, 0.9987573027610779, 0.9987570643424988, 0.9987555742263794, 0.998756468296051, 0.9987561702728271, 0.9987583160400391, 0.9987546801567078], "val_sigmoid_ROC_AUC": [0.9732775688171387, 0.9796209335327148, 0.9827215075492859, 0.9853296875953674, 0.9860383868217468, 0.9845467805862427, 0.986935019493103, 0.9867833852767944, 0.9874075651168823, 0.9872398376464844, 0.9874839186668396, 0.9877219796180725, 0.9877140522003174, 0.9875812530517578, 0.9877280592918396, 0.9876476526260376, 0.9876240491867065, 0.9877819418907166, 0.9879011511802673, 0.9875158667564392, 0.9874538779258728, 0.9878391027450562, 0.9875718355178833, 0.9876297116279602, 0.9876655340194702], "val_sigmoid_PR_AUC": [0.22279086709022522, 0.23259855806827545, 0.2549956142902374, 0.2563249170780182, 0.2710729241371155, 0.2777140438556671, 0.2828167974948883, 0.2912983000278473, 0.29379817843437195, 0.29231011867523193, 0.3018966615200043, 0.30175143480300903, 0.3053264915943146, 0.30464133620262146, 0.30466946959495544, 0.30295705795288086, 0.30799365043640137, 0.30725356936454773, 0.30849990248680115, 0.3110083043575287, 0.31042444705963135, 0.31093135476112366, 0.3091143071651459, 0.31045353412628174, 0.30960026383399963]}