{"loss": [3.7933106422424316, 3.787101984024048, 3.787186861038208, 3.7871017456054688, 3.787091016769409], "binary_accuracy": [0.9966505169868469, 0.9986013770103455, 0.998587429523468, 0.9986047744750977, 0.9986053705215454], "ROC_AUC": [0.49995893239974976, 0.4999985992908478, 0.4999910891056061, 0.49999967217445374, 0.5], "PR_AUC": [0.0013972421875223517, 0.0013980945805087686, 0.0013978914357721806, 0.001398126594722271, 0.0013981391675770283], "val_loss": [3.7690231800079346, 3.7690229415893555, 3.7690229415893555, 3.7728352546691895, 3.771822690963745], "val_binary_accuracy": [0.9987075328826904, 0.9987079501152039, 0.9987079501152039, 0.9971034526824951, 0.9974178075790405], "val_ROC_AUC": [0.49999985098838806, 0.5, 0.5, 0.49921542406082153, 0.49936696887016296], "val_PR_AUC": [0.0012920643202960491, 0.0012920694425702095, 0.0012920694425702095, 0.0012809790205210447, 0.0012827756581827998]}