{"loss": [15.925025939941406, 15.075241088867188, 15.070716857910156, 15.07021427154541, 15.070114135742188, 15.070104598999023], "binary_accuracy": [0.9985290765762329, 0.998717725276947, 0.9987178444862366, 0.9987170696258545, 0.9987161755561829, 0.9987169504165649], "precision": [0.001392460078932345, 0.0015995483845472336, 0.0016433853888884187, 0.0013599274680018425, 0.0, 0.0], "recall": [0.05429764837026596, 0.001121125533245504, 0.0001758628204697743, 3.2974279747577384e-05, 0.0, 0.0], "ROC_AUC": [0.5020065307617188, 0.5001155138015747, 0.5000121593475342, 0.5000019073486328, 0.49999627470970154, 0.4999987781047821], "PR_AUC": [0.0012956989230588078, 0.0012854564702138305, 0.001283738063648343, 0.0012834290973842144, 0.0012832293286919594, 0.0012832949869334698], "val_loss": [15.413226127624512, 15.235001564025879, 15.162713050842285, 15.146397590637207, 15.157923698425293, 15.120304107666016], "val_binary_accuracy": [0.9984894394874573, 0.9986209273338318, 0.998679518699646, 0.9986928105354309, 0.9986498355865479, 0.9987090826034546], "val_precision": [0.0025031492114067078, 0.003230575006455183, 0.003288156585767865, 0.003151176730170846, 0.0037048314698040485, 0.004807532764971256], "val_recall": [0.056139081716537476, 0.035222746431827545, 0.024538211524486542, 0.021459616720676422, 0.019829772412776947, 0.026258602738380432], "val_ROC_AUC": [0.5136889219284058, 0.510373055934906, 0.5075052976608276, 0.5065457820892334, 0.5063667893409729, 0.509623110294342], "val_PR_AUC": [0.0014577301917597651, 0.0014126580208539963, 0.0013752008089795709, 0.001368007156997919, 0.0013633656781166792, 0.0014635823899880052]}